shipment_id,region,transport_mode,priority,month,shipment_volume_units,distance_km,delivery_time_days,transport_cost,on_time
S0001,East,Road,Express,8,99,505.0,4.1,55.0,1
S0002,West,Road,Standard,10,169,783.5,6.24,45.65,0
S0003,East,Road,Express,8,95,152.7,2.38,27.72,1
S0004,East,Road,Standard,8,92,206.2,3.92,48.27,1
S0005,South,Road,Standard,6,155,448.8,4.04,25.0,0
S0006,Central,Road,Express,3,58,358.5,3.03,25.0,1
S0007,East,Air,Standard,4,174,390.8,4.71,108.43,1
S0008,East,Road,Standard,9,106,555.0,5.19,35.17,1
S0009,South,Rail,Standard,1,136,451.6,5.76,55.28,1
S0010,West,Road,Standard,2,150,664.1,5.7,35.61,1
S0011,West,Road,Standard,5,188,653.3,5.81,,1
S0012,Central,Road,Standard,10,107,212.4,4.95,35.05,0
S0013,North,Road,Standard,8,65,90.9,1.94,37.14,1
S0014,East,Air,Standard,8,134,203.9,3.25,106.45,0
S0015,West,Road,Standard,7,125,195.7,4.15,41.59,1
S0016,South,Road,Standard,2,128,408.9,5.84,25.0,1
S0017,North,Road,Standard,4,74,405.7,5.34,45.3,1
S0018,South,Rail,Standard,1,140,345.3,3.46,52.98,1
S0019,East,Road,Standard,10,77,516.7,5.89,39.21,1
S0020,North,Road,Standard,10,113,1464.7,8.07,84.16,0
S0021,East,Rail,Standard,4,87,340.6,3.45,41.62,1
S0022,West,Rail,Standard,4,189,460.3,4.83,84.33,1
S0023,Central,Air,Standard,4,141,390.7,3.95,128.21,1
S0024,Central,Road,Standard,11,86,270.0,5.66,46.83,1
S0025,East,Road,Standard,6,97,558.1,5.49,31.06,1
S0026,South,Road,Standard,10,115,330.3,4.72,25.0,0
S0027,West,Air,Express,6,166,235.2,2.8,122.87,1
S0028,South,Road,Standard,9,116,246.4,5.03,40.55,1
S0029,South,Rail,Standard,7,113,678.4,5.71,51.18,1
S0030,East,Road,Standard,4,122,549.8,6.24,63.76,1
S0031,East,Road,Standard,11,80,288.9,4.75,25.0,1
S0032,Central,Road,Standard,9,84,511.6,5.54,36.25,1
S0033,West,Road,Standard,10,91,393.5,5.53,47.31,1
S0034,West,Air,Standard,12,155,465.1,3.96,95.36,1
S0035,West,Road,Standard,3,189,265.6,4.6,45.98,1
S0036,South,Road,Express,2,145,199.5,3.86,56.25,0
S0037,South,Road,Express,7,166,329.2,4.16,49.54,0
S0038,West,Road,Standard,4,111,221.4,4.22,55.28,1
S0039,South,Road,Standard,6,132,211.3,3.95,55.74,1
S0040,North,Road,Standard,3,84,158.2,4.89,33.35,1
S0041,West,Road,Standard,5,129,91.2,4.37,25.0,1
S0042,East,Road,Express,5,117,292.1,3.36,25.0,1
S0043,East,Road,Standard,5,98,754.8,5.7,60.56,1
S0044,West,Road,Express,9,95,645.7,4.15,25.08,1
S0045,East,Road,Express,8,58,981.7,4.69,46.64,1
S0046,East,Road,Standard,6,56,205.6,3.59,36.1,1
S0047,West,Road,Standard,2,149,579.9,5.57,71.64,0
S0048,West,Rail,Standard,7,193,363.0,4.58,55.77,0
S0049,East,Rail,Standard,3,133,246.6,3.62,45.78,1
S0050,South,Road,Standard,4,72,703.8,6.26,44.99,0
S0051,South,Road,Express,5,165,365.2,4.09,52.3,1
S0052,South,Road,Standard,2,151,121.5,4.64,37.52,1
S0053,East,Road,Standard,5,52,641.6,5.23,56.64,1
S0054,North,Road,Express,4,102,490.6,4.0,32.44,0
S0055,East,Road,Standard,11,126,423.3,4.97,46.25,1
S0056,East,Road,Standard,11,110,180.9,3.29,42.91,1
S0057,West,Air,Express,1,98,453.8,3.07,98.86,0
S0058,North,Road,Standard,8,127,902.2,6.56,68.55,1
S0059,South,Road,Standard,8,65,482.4,6.62,41.44,1
S0060,South,Road,Standard,5,119,144.4,4.94,47.79,1
S0061,North,Air,Express,6,142,504.8,3.29,113.0,0
S0062,West,Road,Standard,10,136,485.5,5.31,52.51,1
S0063,North,Road,Standard,5,96,608.5,5.54,37.1,0
S0064,East,Road,Standard,1,120,477.3,4.42,36.44,1
S0065,North,Road,Standard,5,137,211.7,3.13,57.57,1
S0066,North,Air,Express,4,147,409.4,2.34,117.9,1
S0067,North,Road,Standard,5,134,332.7,4.61,28.84,0
S0068,West,Road,Express,3,165,439.6,2.67,51.8,0
S0069,South,Road,Standard,2,146,719.2,5.57,25.0,1
S0070,West,Road,Standard,12,142,257.1,4.26,34.09,1
S0071,South,Rail,Express,2,128,1070.8,4.58,,0
S0072,West,Road,Standard,9,128,502.8,4.75,45.05,1
S0073,East,Road,Standard,9,61,643.7,5.22,44.65,1
S0074,South,Air,Express,8,98,592.8,3.88,64.9,0
S0075,South,Rail,Standard,11,117,490.6,5.03,52.63,1
S0076,West,Road,Standard,1,142,546.2,4.99,54.17,1
S0077,West,Road,Express,4,175,56.9,2.75,47.2,1
S0078,North,Road,Standard,3,109,592.1,5.39,60.44,1
S0079,North,Road,Standard,7,138,222.2,3.8,37.86,1
S0080,East,Road,Standard,8,125,378.7,4.27,41.01,1
S0081,North,Road,Standard,11,104,488.6,5.72,25.15,1
S0082,West,Air,Standard,5,152,738.5,4.62,112.99,1
S0083,East,Air,Standard,3,88,222.3,2.33,81.27,1
S0084,South,Rail,Standard,12,162,296.7,4.08,33.15,1
S0085,South,Air,Standard,9,143,322.1,3.6,91.7,1
S0086,South,Rail,Standard,10,92,442.9,3.1,75.5,1
S0087,East,Rail,Standard,6,100,334.6,4.03,49.2,1
S0088,West,Rail,Standard,6,181,547.7,5.53,69.43,1
S0089,South,Road,Standard,5,120,124.3,4.23,29.16,1
S0090,North,Road,Standard,9,123,360.5,6.15,25.0,1
S0091,South,Road,Standard,3,140,955.2,7.48,72.67,1
S0092,East,Road,Express,12,66,335.1,3.89,25.0,1
S0093,West,Road,Standard,3,149,503.9,7.06,41.37,1
S0094,West,Road,Standard,6,96,671.7,6.13,46.79,1
S0095,West,Road,Express,4,117,494.1,3.76,48.6,1
S0096,North,Road,Standard,8,140,1127.8,7.86,53.76,1
S0097,West,Road,Standard,9,145,415.3,4.58,25.0,0
S0098,South,Rail,Standard,12,116,564.2,4.91,48.34,0
S0099,South,Rail,Standard,10,138,454.1,4.12,49.19,1
S0100,Central,Road,Standard,3,83,842.7,6.76,39.63,1
S0101,Central,Road,Standard,3,85,305.7,4.35,50.67,1
S0102,East,Road,Standard,11,113,1181.9,6.88,45.34,1
S0103,West,Rail,Express,6,115,261.1,2.97,57.32,1
S0104,Central,Rail,Express,2,86,1009.6,4.65,67.78,1
S0105,East,Road,Standard,10,86,206.4,2.85,48.13,0
S0106,East,Rail,Standard,8,51,575.1,3.75,50.77,1
S0107,West,Road,Standard,1,109,393.5,4.03,53.02,1
S0108,West,Road,Express,10,179,663.4,3.79,54.06,0
S0109,South,Air,Standard,8,136,511.4,4.38,115.83,1
S0110,Central,Road,Standard,8,48,642.2,5.9,25.0,0
S0111,West,Road,Standard,11,92,202.0,4.8,25.0,0
S0112,South,Road,Standard,6,122,137.7,4.47,42.19,1
S0113,West,Road,Standard,6,179,182.2,4.98,50.34,1
S0114,North,Air,Standard,8,105,179.3,3.35,106.64,1
S0115,South,Air,Standard,3,162,200.5,3.32,99.31,1
S0116,East,Road,Express,2,105,272.1,3.66,59.29,1
S0117,East,Road,Standard,11,108,270.6,4.97,32.29,1
S0118,East,Rail,Standard,3,58,399.2,4.39,55.62,1
S0119,West,Road,Standard,7,161,232.2,5.22,51.91,1
S0120,North,Rail,Standard,4,101,243.9,2.24,75.27,1
S0121,North,Road,Standard,3,134,347.7,4.5,39.1,1
S0122,North,Road,Standard,8,87,718.1,5.56,38.59,1
S0123,South,Rail,Standard,10,130,302.5,4.78,34.65,0
S0124,West,Road,Standard,6,145,383.3,5.86,67.38,1
S0125,South,Road,Standard,2,121,422.1,3.96,49.89,1
S0126,North,Road,Standard,3,121,215.0,5.15,45.09,1
S0127,West,Road,Standard,2,128,321.0,3.83,85.83,1
S0128,South,Road,Standard,11,107,256.0,3.58,42.8,1
S0129,South,Road,Standard,4,170,677.9,5.71,37.62,1
S0130,North,Air,Standard,5,139,645.1,4.34,109.89,1
S0131,South,Air,Standard,1,104,240.2,2.13,87.39,1
S0132,Central,Road,Standard,6,101,378.8,5.47,35.15,0
S0133,North,Road,Express,11,89,564.4,4.11,38.43,0
S0134,West,Rail,Express,5,102,478.2,3.75,48.0,1
S0135,North,Air,Standard,8,139,509.5,3.83,90.54,1
S0136,South,Road,Standard,3,77,215.9,4.08,56.23,1
S0137,Central,Road,Standard,2,111,987.8,7.02,61.38,0
S0138,North,Road,Standard,9,103,268.8,5.45,34.97,0
S0139,East,Road,Standard,1,89,264.1,2.46,47.08,1
S0140,South,Road,Express,6,136,168.8,2.52,,1
S0141,North,Road,Express,4,126,357.0,3.39,,1
S0142,North,Rail,Standard,1,87,763.5,4.69,70.12,1
S0143,Central,Rail,Standard,7,105,475.3,4.7,58.36,1
S0144,North,Rail,Express,12,113,374.3,2.98,64.64,1
S0145,West,Road,Standard,1,100,617.3,5.04,57.16,1
S0146,West,Road,Express,10,130,752.2,4.34,55.61,1
S0147,West,Rail,Standard,7,174,644.2,5.67,64.52,1
S0148,North,Rail,Express,9,157,115.3,2.41,76.1,1
S0149,West,Road,Standard,2,155,620.5,,46.06,1
S0150,South,Rail,Standard,11,92,521.6,4.53,61.5,1
S0151,East,Road,Standard,1,109,236.9,4.26,43.78,0
S0152,Central,Rail,Standard,11,109,522.9,3.9,49.39,0
S0153,South,Road,Standard,8,145,764.4,6.37,43.98,1
S0154,North,Road,Express,5,132,276.2,3.0,36.55,1
S0155,South,Road,Standard,1,135,671.6,6.56,44.95,1
S0156,North,Road,Express,8,108,481.6,3.92,25.0,0
S0157,West,Road,Standard,2,118,64.8,4.5,25.5,1
S0158,North,Road,Standard,8,57,391.3,3.96,39.9,0
S0159,East,Road,Standard,10,105,470.1,4.77,61.17,1
S0160,East,Rail,Standard,4,100,328.9,3.23,60.64,1
S0161,South,Road,Standard,3,141,492.5,4.72,25.0,1
S0162,Central,Road,Standard,3,48,366.0,5.68,43.52,0
S0163,South,Rail,Standard,3,143,1325.0,8.33,70.61,0
S0164,South,Road,Standard,2,183,314.7,3.98,54.44,1
S0165,North,Road,Express,3,112,241.2,2.87,38.22,1
S0166,West,Rail,Standard,8,133,651.5,5.12,60.55,1
S0167,East,Rail,Express,4,104,340.0,3.21,52.11,0
S0168,East,Road,Standard,10,152,378.2,3.7,45.97,1
S0169,West,Rail,Standard,10,106,358.6,3.11,72.98,1
S0170,Central,Road,Standard,10,91,630.2,6.15,45.68,1
S0171,West,Road,Standard,7,113,199.5,2.89,52.67,1
S0172,North,Rail,Standard,4,95,670.8,4.83,72.63,0
S0173,West,Road,Standard,12,134,547.5,5.44,57.93,1
S0174,Central,Rail,Standard,3,123,1072.8,7.12,45.94,0
S0175,South,Road,Standard,6,175,448.2,5.04,66.22,0
S0176,South,Rail,Standard,6,138,208.7,3.51,48.13,0
S0177,West,Road,Standard,9,124,451.2,5.55,55.08,1
S0178,Central,Road,Express,7,155,485.6,4.13,35.72,1
S0179,Central,Road,Standard,10,73,803.9,5.93,31.78,1
S0180,East,Road,Express,12,79,208.4,2.96,61.63,1
S0181,Central,Rail,Express,5,35,144.5,2.78,28.47,1
S0182,Central,Road,Express,11,124,456.9,4.67,61.25,1
S0183,North,Road,Express,3,137,1100.5,5.5,64.57,1
S0184,West,Road,Standard,11,203,596.1,6.48,51.53,1
S0185,East,Road,Standard,3,56,616.9,4.95,41.14,1
S0186,North,Rail,Standard,11,151,166.1,3.31,36.87,1
S0187,West,Road,Express,5,137,412.0,3.42,45.3,1
S0188,South,Air,Standard,12,148,813.0,5.02,101.68,1
S0189,East,Road,Standard,2,49,489.1,4.26,32.23,0
S0190,West,Road,Express,6,176,138.5,3.57,55.82,1
S0191,Central,Road,Standard,11,107,407.0,5.73,45.63,1
S0192,West,Road,Standard,1,134,571.3,5.22,28.44,0
S0193,South,Rail,Standard,4,143,380.3,4.74,70.6,0
S0194,East,Air,Standard,2,74,225.0,3.16,97.35,0
S0195,South,Rail,Standard,4,109,663.4,5.61,53.27,0
S0196,South,Road,Express,5,112,307.0,2.61,50.54,0
S0197,North,Road,Standard,8,58,517.5,4.94,37.13,1
S0198,Central,Road,Standard,4,109,400.4,5.11,25.8,0
S0199,South,Road,Standard,2,158,299.7,5.01,70.83,0
S0200,West,Rail,Standard,3,115,1174.3,6.39,71.95,1
S0201,East,Road,Standard,12,105,279.0,2.77,37.47,0
S0202,Central,Road,Express,12,78,421.2,3.18,33.57,0
S0203,North,Rail,Express,3,119,399.6,3.08,72.96,1
S0204,South,Road,Standard,3,107,450.0,4.99,35.81,0
S0205,South,Road,Standard,1,100,1122.7,8.19,37.77,1
S0206,South,Road,Standard,12,154,571.7,5.85,41.9,1
S0207,South,Road,Standard,9,123,297.9,4.56,59.64,1
S0208,North,Road,Standard,10,167,919.7,6.61,73.29,0
S0209,South,Road,Standard,4,126,631.9,6.31,46.28,0
S0210,North,Road,Standard,8,84,301.6,4.02,56.1,0
S0211,East,Rail,Express,1,129,837.0,4.08,77.16,0
S0212,North,Rail,Standard,9,128,164.9,2.88,48.79,0
S0213,South,Road,Express,7,145,194.3,3.71,38.54,1
S0214,East,Road,Standard,4,128,132.8,4.24,42.05,0
S0215,East,Road,Express,9,77,100.1,2.36,25.0,1
S0216,East,Road,Standard,8,91,801.7,5.96,50.36,1
S0217,South,Road,Standard,6,120,453.5,5.33,48.99,1
S0218,South,Road,Express,3,89,140.6,2.69,25.0,1
S0219,Central,Road,Express,1,78,393.2,3.38,35.88,1
S0220,West,Road,Standard,12,172,684.1,5.46,51.99,1
S0221,West,Road,Standard,4,142,248.6,4.62,56.3,1
S0222,North,Road,Standard,4,72,328.9,4.23,25.0,1
S0223,North,Rail,Standard,9,66,1207.4,6.48,62.15,1
S0224,Central,Road,Standard,4,132,348.0,4.17,36.58,1
S0225,West,Road,Express,5,132,147.9,2.95,51.7,1
S0226,Central,Rail,Standard,9,67,286.5,4.04,47.75,1
S0227,South,Road,Standard,8,117,134.6,3.75,61.42,1
S0228,North,Road,Standard,8,69,600.2,5.46,52.05,1
S0229,North,Air,Standard,1,150,226.6,3.72,100.09,1
S0230,South,Road,Standard,6,114,222.0,4.69,41.51,1
S0231,South,Road,Standard,6,163,1273.3,8.12,65.19,0
S0232,West,Road,Standard,8,136,180.9,4.0,51.57,1
S0233,Central,Road,Standard,2,125,160.7,4.05,25.0,1
S0234,North,Road,Express,2,117,200.9,2.52,26.42,0
S0235,Central,Road,Standard,10,109,697.1,5.72,56.01,1
S0236,East,Road,Express,9,115,553.1,3.83,63.8,1
S0237,West,Road,Standard,10,152,284.2,4.03,25.0,1
S0238,East,Road,Standard,4,105,267.9,4.42,57.57,1
S0239,South,Road,Standard,12,118,527.5,4.6,44.36,1
S0240,South,Road,Standard,4,179,464.2,4.11,25.06,1
S0241,East,Rail,Standard,8,70,362.4,4.59,25.0,0
S0242,East,Road,Standard,2,95,564.8,4.98,25.0,0
S0243,South,Road,Standard,12,125,192.3,3.62,38.34,1
S0244,North,Road,Standard,4,121,229.1,3.56,38.18,1
S0245,North,Road,Standard,10,98,582.9,5.63,54.39,1
S0246,Central,Road,Standard,4,94,487.6,6.28,34.98,1
S0247,North,Road,Standard,10,105,410.5,4.55,26.42,0
S0248,West,Road,Standard,6,91,1246.3,7.33,55.76,0
S0249,West,Rail,Standard,1,135,641.5,5.84,63.73,1
S0250,West,Air,Standard,3,104,289.7,2.13,105.21,1
S0251,North,Road,Standard,9,61,242.1,5.43,25.0,1
S0252,Central,Road,Standard,3,89,502.0,7.01,55.11,1
S0253,West,Road,Standard,4,149,800.2,4.44,47.94,1
S0254,West,Road,Standard,7,150,122.3,3.95,27.42,1
S0255,South,Road,Express,4,141,479.8,3.36,40.06,1
S0256,East,Rail,Standard,2,41,325.5,3.69,61.36,0
S0257,East,Rail,Express,8,57,453.4,2.91,48.89,1
S0258,South,Rail,Express,9,180,153.5,3.04,48.28,1
S0259,South,Road,Standard,9,96,799.9,5.97,63.76,1
S0260,North,Air,Standard,12,127,931.7,4.85,146.8,1
S0261,South,Road,Standard,2,106,606.1,5.34,49.93,0
S0262,East,Road,Express,6,97,1045.6,5.17,74.4,0
S0263,West,Road,Standard,3,117,315.3,3.77,55.35,1
S0264,South,Air,Standard,11,141,472.9,2.93,101.08,1
S0265,Central,Road,Standard,7,89,611.6,7.07,45.64,0
S0266,South,Rail,Standard,2,112,506.0,4.22,39.94,0
S0267,West,Road,Standard,9,106,341.4,4.51,37.43,1
S0268,South,Air,Standard,1,132,364.8,3.37,97.74,1
S0269,South,Road,Standard,4,91,881.4,6.65,46.67,1
S0270,South,Road,Express,9,137,397.7,4.33,34.63,1
S0271,South,Air,Standard,7,199,772.7,5.51,117.66,1
S0272,South,Road,Standard,10,163,384.8,3.91,55.12,1
S0273,South,Road,Standard,7,145,769.9,5.19,53.76,0
S0274,North,Road,Express,11,108,424.6,3.32,25.0,1
S0275,East,Road,Express,7,41,581.0,3.61,28.76,0
S0276,West,Road,Standard,1,98,261.6,3.2,25.0,1
S0277,West,Road,Standard,1,171,472.2,5.73,54.17,0
S0278,North,Road,Standard,10,88,264.0,3.59,43.41,1
S0279,Central,Rail,Express,1,65,310.4,3.74,52.23,1
S0280,East,Road,Standard,5,90,326.5,5.69,27.14,1
S0281,South,Road,Standard,1,95,360.9,4.47,43.04,1
S0282,South,Road,Standard,4,91,717.0,6.05,41.57,1
S0283,South,Road,Standard,8,124,302.9,3.72,25.37,1
S0284,West,Road,Standard,3,110,442.7,5.34,53.69,1
S0285,North,Air,Standard,6,89,771.4,4.5,121.01,1
S0286,West,Air,Standard,12,113,573.7,3.54,121.69,0
S0287,South,Road,Express,1,140,123.9,2.74,30.02,1
S0288,West,Road,Standard,1,129,150.9,3.74,54.52,1
S0289,North,Road,Standard,4,105,511.8,4.93,37.59,0
S0290,South,Road,Standard,10,142,293.3,5.16,52.19,1
S0291,East,Road,Express,5,91,138.1,2.44,26.35,1
S0292,South,Road,Standard,8,117,279.9,5.56,36.82,0
S0293,Central,Road,Standard,1,98,523.6,4.65,25.0,1
S0294,South,Road,Standard,9,144,324.2,5.7,39.82,1
S0295,East,Road,Standard,1,91,416.7,4.14,41.83,1
S0296,Central,Road,Standard,9,87,342.8,4.9,32.5,1
S0297,Central,Road,Standard,2,63,255.7,4.23,57.98,1
S0298,East,Road,Standard,11,71,466.6,4.68,25.0,1
S0299,East,Rail,Standard,4,117,129.3,3.96,42.68,1
S0300,North,Road,Standard,3,122,235.5,5.27,26.71,1
S0301,East,Road,Express,5,108,640.0,4.56,40.18,1
S0302,South,Road,Standard,1,133,153.9,3.8,52.96,1
S0303,North,Rail,Standard,2,111,403.8,4.43,76.34,0
S0304,North,Road,Standard,8,129,308.4,4.04,32.18,1
S0305,East,Rail,Standard,4,121,290.2,3.32,44.25,1
S0306,West,Air,Standard,5,161,677.1,3.97,99.47,0
S0307,West,Road,Standard,10,132,758.0,5.73,71.99,1
S0308,North,Road,Standard,2,149,200.5,4.42,57.16,1
S0309,West,Road,Standard,5,141,362.8,3.52,43.2,1
S0310,South,Air,Express,3,143,109.4,2.02,83.28,1
S0311,West,Road,Express,6,143,654.2,4.82,33.99,0
S0312,West,Air,Standard,4,142,390.9,4.47,110.49,0
S0313,South,Road,Standard,1,104,147.4,3.58,42.86,1
S0314,West,Road,Standard,1,155,242.8,3.51,25.0,1
S0315,West,Road,Standard,11,215,189.3,4.71,43.94,1
S0316,West,Road,Standard,1,125,234.0,2.8,62.33,1
S0317,West,Road,Standard,10,137,115.6,4.68,34.95,1
S0318,East,Road,Standard,11,83,875.7,6.12,72.14,0
S0319,West,Rail,Standard,6,121,205.5,4.89,61.69,0
S0320,Central,Rail,Express,4,128,403.2,2.58,42.33,0
S0321,Central,Road,Standard,10,66,520.7,6.01,36.34,1
S0322,North,Road,Standard,12,97,758.7,5.85,48.06,1
S0323,West,Road,Standard,2,91,411.9,4.57,27.1,1
S0324,North,Rail,Standard,12,89,339.5,3.15,38.31,0
S0325,East,Road,Standard,12,47,422.7,5.08,56.96,1
S0326,North,Rail,Express,2,128,199.8,2.98,39.57,1
S0327,East,Road,Standard,1,173,210.3,5.52,59.45,1
S0328,North,Road,Standard,9,100,334.6,5.21,33.35,0
S0329,North,Road,Standard,1,63,93.3,3.29,28.93,1
S0330,West,Road,Standard,8,160,259.1,3.83,52.02,1
S0331,East,Rail,Standard,1,75,296.5,2.97,41.07,1
S0332,South,Road,Standard,9,161,1140.2,8.28,74.51,0
S0333,East,Road,Express,3,87,817.8,4.01,25.0,1
S0334,Central,Air,Standard,2,67,519.6,5.26,108.47,1
S0335,South,Air,Standard,1,120,664.1,4.9,76.35,1
S0336,North,Rail,Standard,3,131,209.2,3.95,50.61,1
S0337,South,Road,Express,7,119,429.8,3.4,55.92,1
S0338,East,Road,Standard,1,81,615.3,5.84,53.19,0
S0339,South,Rail,Standard,10,119,210.4,3.7,34.31,1
S0340,Central,Road,Standard,8,49,151.1,3.93,25.0,1
S0341,South,Road,Standard,4,136,486.6,5.6,37.63,1
S0342,Central,Rail,Standard,12,35,162.0,3.57,44.84,1
S0343,East,Road,Standard,8,83,548.7,4.68,25.0,1
S0344,North,Road,Standard,9,131,750.9,6.38,53.22,0
S0345,East,Air,Standard,3,103,214.7,3.02,104.8,1
S0346,East,Road,Standard,9,112,225.4,4.56,34.06,1
S0347,Central,Road,Express,7,83,737.7,4.22,55.15,0
S0348,West,Road,Express,12,168,413.3,3.03,52.07,1
S0349,North,Road,Standard,6,136,679.5,6.9,44.57,1
S0350,South,Road,Standard,9,137,342.3,5.69,25.0,1
S0351,North,Rail,Standard,5,136,358.6,4.81,59.32,1
S0352,South,Rail,Express,1,146,406.7,3.0,46.22,1
S0353,North,Road,Standard,2,98,1003.5,6.51,48.07,0
S0354,North,Road,Standard,11,72,648.0,6.39,51.02,1
S0355,West,Rail,Standard,9,147,253.7,3.69,76.32,0
S0356,North,Road,Express,5,125,449.0,3.3,44.58,1
S0357,East,Road,Standard,9,126,327.5,5.82,49.9,0
S0358,East,Road,Standard,1,69,290.1,4.3,25.0,1
S0359,North,Road,Express,1,85,539.5,4.55,46.44,1
S0360,North,Road,Standard,7,123,474.7,4.16,44.7,1
S0361,Central,Road,Express,8,83,216.3,3.47,51.81,1
S0362,South,Road,Standard,12,72,407.3,6.06,30.66,0
S0363,South,Road,Standard,10,136,284.5,4.51,38.78,1
S0364,South,Road,Express,4,73,519.0,3.53,55.98,1
S0365,North,Road,Standard,10,84,276.6,3.57,34.95,1
S0366,West,Road,Standard,6,173,360.0,5.55,32.61,1
S0367,East,Road,Standard,10,146,295.2,4.06,79.25,1
S0368,North,Road,Standard,3,76,126.6,3.76,25.0,0
S0369,West,Road,Standard,1,126,973.9,5.89,57.59,0
S0370,Central,Road,Standard,1,86,404.5,6.11,44.55,0
S0371,East,Road,Standard,12,145,994.1,7.56,64.85,1
S0372,West,Air,Standard,1,121,415.9,3.74,103.61,0
S0373,West,Road,Standard,12,122,598.6,4.72,45.98,1
S0374,West,Rail,Standard,9,178,264.5,5.04,56.82,1
S0375,South,Air,Standard,2,115,268.7,3.03,87.17,0
S0376,South,Road,Standard,11,145,390.7,4.14,75.94,1
S0377,Central,Road,Express,2,44,988.8,4.12,46.78,1
S0378,West,Rail,Standard,2,130,221.1,3.35,62.28,1
S0379,West,Road,Standard,7,89,109.2,2.85,27.87,1
S0380,East,Road,Standard,4,65,727.5,5.32,40.59,0
S0381,North,Road,Express,4,133,620.8,4.36,43.96,0
S0382,Central,Road,Standard,3,84,305.8,4.53,25.0,1
S0383,East,Road,Standard,8,86,1220.0,7.61,58.08,0
S0384,West,Air,Standard,1,114,1251.6,5.97,115.8,0
S0385,West,Air,Standard,3,129,121.3,2.88,117.91,0
S0386,Central,Road,Standard,7,93,260.5,5.9,25.0,1
S0387,East,Road,Express,6,123,389.0,3.29,35.29,1
S0388,Central,Road,Standard,9,20,510.4,5.5,25.0,1
S0389,South,Air,Standard,3,102,465.0,2.85,125.32,1
S0390,East,Road,Standard,8,99,403.6,5.77,28.93,1
S0391,North,Air,Standard,10,107,200.3,2.72,108.48,1
S0392,South,Rail,Standard,5,136,549.4,5.53,75.03,1
S0393,North,Road,Standard,4,117,568.3,5.28,45.2,0
S0394,East,Road,Standard,7,86,697.1,6.09,27.82,1
S0395,South,Rail,Standard,7,110,182.9,4.03,31.83,1
S0396,West,Road,Express,2,128,351.4,3.16,55.01,1
S0397,East,Road,Standard,7,127,296.5,5.22,25.0,0
S0398,West,Air,Standard,2,115,180.8,2.49,106.6,1
S0399,West,Road,Standard,7,133,347.9,5.2,45.03,0
S0400,West,Road,Standard,12,140,206.7,4.0,45.91,0
S0401,West,Road,Standard,7,179,162.5,4.45,50.4,1
S0402,Central,Road,Express,10,77,625.7,3.95,31.23,1
S0403,East,Air,Standard,4,122,304.7,3.44,90.6,1
S0404,South,Road,Express,12,159,252.6,2.71,53.89,1
S0405,Central,Road,Express,10,83,800.1,4.7,40.56,1
S0406,Central,Road,Standard,12,79,578.6,5.66,25.0,0
S0407,West,Air,Standard,9,126,102.7,2.41,109.91,0
S0408,East,Road,Standard,8,88,512.5,5.06,28.14,1
S0409,South,Rail,Standard,7,149,511.0,4.85,68.61,0
S0410,Central,Road,Express,12,91,339.0,3.24,58.09,1
S0411,North,Rail,Standard,11,117,331.0,4.01,55.02,1
S0412,North,Air,Express,6,78,135.6,1.5,110.12,1
S0413,South,Rail,Standard,2,98,1211.7,8.4,73.26,1
S0414,Central,Air,Standard,1,145,347.1,4.64,129.82,1
S0415,South,Road,Standard,3,120,495.7,5.31,30.87,1
S0416,West,Rail,Standard,1,113,359.2,4.93,54.82,0
S0417,South,Road,Standard,3,165,255.3,3.2,54.03,1
S0418,East,Road,Standard,2,103,654.8,3.94,45.23,0
S0419,South,Rail,Standard,12,141,440.7,4.25,75.85,1
S0420,Central,Air,Express,2,81,348.9,2.08,94.54,1
S0421,North,Road,Standard,8,101,492.5,4.92,72.54,0
S0422,South,Road,Standard,5,120,380.1,4.89,72.53,1
S0423,South,Road,Standard,3,86,1034.6,7.37,59.59,1
S0424,South,Road,Standard,9,123,641.5,4.87,57.5,1
S0425,North,Road,Express,12,118,541.8,3.99,63.37,1
S0426,East,Road,Standard,10,147,145.6,4.09,25.0,1
S0427,South,Road,Standard,12,127,553.2,5.56,29.6,1
S0428,East,Road,Standard,8,30,544.9,4.7,54.68,1
S0429,South,Rail,Standard,9,122,209.1,4.61,56.63,1
S0430,East,Road,Standard,2,172,143.6,4.07,39.38,1
S0431,Central,Air,Express,11,109,625.8,4.25,109.12,1
S0432,East,Road,Standard,9,72,673.1,5.06,25.0,1
S0433,East,Road,Standard,4,112,269.6,4.86,36.47,0
S0434,East,Road,Standard,5,74,262.0,4.21,25.0,1
S0435,South,Road,Standard,8,87,436.0,4.64,53.46,1
S0436,South,Air,Express,1,115,304.1,2.73,117.4,1
S0437,South,Road,Standard,10,128,141.6,3.82,45.74,0
S0438,North,Road,Standard,4,58,207.6,2.3,37.17,1
S0439,East,Air,Standard,1,63,484.8,1.83,80.25,0
S0440,North,Air,Standard,4,110,215.0,3.91,109.48,0
S0441,East,Road,Express,11,84,693.4,4.66,55.6,1
S0442,South,Road,Standard,4,136,539.6,6.55,66.04,0
S0443,East,Road,Standard,7,61,496.6,4.96,68.93,1
S0444,South,Road,Standard,10,145,430.5,4.15,25.0,0
S0445,West,Road,Standard,1,102,248.1,4.01,32.06,0
S0446,East,Road,Standard,10,141,584.6,5.48,39.91,0
S0447,Central,Air,Standard,4,37,243.6,2.67,96.15,1
S0448,North,Road,Standard,9,79,716.7,6.8,47.01,0
S0449,South,Road,Standard,3,137,939.3,8.07,55.56,1
S0450,North,Road,Standard,2,157,439.1,5.36,62.77,1
S0451,South,Rail,Standard,10,134,866.3,5.86,52.43,1
S0452,Central,Road,Standard,10,101,209.4,3.66,25.0,1
S0453,East,Rail,Standard,12,95,543.3,5.72,42.47,1
S0454,South,Air,Express,9,96,397.4,2.65,98.12,1
S0455,South,Road,Standard,6,111,632.2,5.36,31.01,1
S0456,South,Road,Standard,3,91,106.0,4.11,32.01,1
S0457,Central,Road,Standard,4,49,609.9,5.27,38.5,1
S0458,West,Road,Standard,8,146,263.1,4.55,31.7,1
S0459,East,Air,Standard,5,64,409.5,2.65,112.11,1
S0460,North,Road,Standard,6,119,1199.3,8.11,62.6,1
S0461,North,Rail,Express,3,74,554.2,3.33,69.6,0
S0462,South,Road,Standard,6,133,511.1,5.97,44.83,0
S0463,Central,Road,Standard,3,71,486.3,5.19,39.78,1
S0464,West,Road,Standard,2,174,761.6,6.05,50.53,1
S0465,North,Road,Standard,2,119,645.2,4.82,49.32,1
S0466,East,Road,Standard,7,130,489.6,5.63,56.66,1
S0467,North,Road,Express,5,89,453.6,3.13,35.51,1
S0468,Central,Road,Standard,2,87,435.5,4.88,47.85,1
S0469,South,Rail,Standard,7,98,384.1,4.21,42.43,1
S0470,North,Road,Standard,2,98,181.0,4.13,45.99,1
S0471,West,Air,Standard,1,128,547.1,3.1,101.43,1
S0472,West,Road,Express,2,115,279.7,3.08,51.65,0
S0473,South,Road,Standard,6,91,356.0,5.12,39.87,1
S0474,South,Road,Standard,12,85,671.4,5.36,67.63,1
S0475,West,Road,Standard,3,69,389.7,4.5,25.0,1
S0476,West,Road,Standard,4,105,371.3,4.79,25.0,1
S0477,West,Road,Standard,3,153,439.9,4.96,39.33,1
S0478,North,Air,Standard,5,65,328.4,2.65,79.05,1
S0479,North,Road,Standard,9,72,1184.0,7.2,38.52,1
S0480,West,Road,Express,4,185,1088.1,5.67,76.58,0
S0481,West,Road,Standard,8,117,1071.2,6.3,59.91,1
S0482,South,Road,Standard,11,134,487.3,4.9,40.35,1
S0483,North,Road,Standard,12,128,268.7,3.52,35.46,1
S0484,West,Road,Standard,7,154,682.3,6.44,45.84,0
S0485,South,Road,Express,9,82,329.9,3.19,60.47,1
S0486,West,Road,Standard,12,129,718.3,5.32,42.07,1
S0487,West,Air,Standard,10,90,260.9,3.24,81.38,1
S0488,South,Road,Express,4,193,508.7,3.31,65.24,1
S0489,North,Rail,Standard,2,65,779.2,4.72,55.42,0
S0490,North,Road,Standard,2,81,341.4,3.58,66.09,1
S0491,East,Road,Express,11,66,340.7,2.73,28.51,1
S0492,North,Rail,Standard,7,68,152.6,4.26,57.51,1
S0493,North,Road,Standard,4,148,265.9,3.99,58.16,0
S0494,West,Rail,Express,5,203,481.6,3.68,60.1,1
S0495,East,Road,Express,4,82,526.3,3.3,31.93,0
S0496,North,Road,Standard,10,73,573.1,5.75,52.91,1
S0497,West,Rail,Standard,8,72,119.4,2.61,53.46,1
S0498,North,Road,Standard,11,103,330.9,4.58,25.0,1
S0499,West,Road,Express,4,126,164.0,2.96,25.0,1
S0500,North,Road,Standard,6,92,467.1,6.48,25.0,0
S0501,East,Road,Standard,2,101,135.7,4.33,42.88,1
S0502,Central,Air,Standard,12,96,194.6,2.94,95.62,1
S0503,Central,Road,Express,7,94,638.7,4.55,44.23,1
S0504,North,Road,Express,7,101,285.4,4.17,25.0,0
S0505,North,Rail,Standard,5,79,870.6,4.66,46.51,0
S0506,East,Road,Standard,4,114,582.2,4.85,40.58,0
S0507,West,Rail,Express,12,135,342.6,2.9,47.6,0
S0508,East,Road,Express,6,120,699.4,3.97,52.54,1
S0509,North,Road,Standard,9,132,360.9,4.51,51.82,0
S0510,South,Rail,Standard,1,85,617.1,4.07,89.02,0
S0511,South,Road,Standard,4,85,257.8,5.18,35.59,1
S0512,East,Road,Standard,10,74,723.7,4.82,62.06,1
S0513,South,Road,Standard,2,95,143.5,3.8,25.0,1
S0514,West,Rail,Standard,2,156,194.5,4.44,32.78,1
S0515,West,Rail,Standard,10,145,216.0,3.78,50.53,1
S0516,South,Road,Express,4,156,275.1,2.8,25.0,1
S0517,West,Road,Standard,4,146,492.0,4.32,48.71,1
S0518,East,Air,Standard,7,101,402.5,3.51,92.89,1
S0519,South,Road,Standard,3,159,621.3,5.15,25.85,1
S0520,East,Road,Standard,1,108,785.7,6.17,76.06,0
S0521,East,Road,Standard,1,97,134.0,2.99,26.53,1
S0522,West,Road,Standard,1,176,842.3,6.93,37.74,0
S0523,South,Rail,Standard,2,128,356.0,4.27,69.09,1
S0524,North,Rail,Standard,9,101,1058.9,6.52,58.04,1
S0525,South,Road,Express,4,102,250.6,3.76,52.82,1
S0526,West,Road,Standard,1,155,111.8,3.71,29.61,0
S0527,Central,Road,Express,1,120,586.1,3.82,40.46,1
S0528,Central,Road,Express,6,84,564.4,3.78,48.35,1
S0529,East,Road,Express,11,132,197.7,2.94,47.83,1
S0530,West,Road,Standard,5,80,210.5,4.04,44.88,1
S0531,East,Road,Standard,1,93,649.2,5.01,45.4,1
S0532,East,Road,Standard,3,94,506.4,3.78,50.55,1
S0533,West,Road,Standard,6,115,334.2,4.23,51.54,1
S0534,North,Road,Standard,3,177,537.5,5.66,55.88,1
S0535,South,Road,Express,12,123,476.4,3.72,43.59,1
S0536,South,Road,Standard,10,114,224.8,5.02,25.0,1
S0537,North,Rail,Express,5,111,678.3,4.65,69.78,1
S0538,South,Rail,Standard,12,69,601.7,5.32,55.76,0
S0539,South,Rail,Standard,4,104,408.2,5.2,49.18,1
S0540,East,Road,Standard,2,123,649.5,6.14,67.85,0
S0541,Central,Rail,Standard,12,67,1137.5,8.01,46.15,1
S0542,North,Road,Standard,12,87,208.9,5.32,57.87,1
S0543,East,Road,Standard,4,132,343.6,5.29,42.9,1
S0544,Central,Road,Standard,8,123,354.2,5.49,46.94,1
S0545,South,Road,Standard,3,139,641.0,5.52,45.98,1
S0546,West,Road,Standard,8,122,273.0,4.39,25.0,0
S0547,West,Road,Express,9,128,619.8,3.84,47.81,1
S0548,South,Rail,Standard,9,102,293.6,4.33,57.04,1
S0549,East,Road,Standard,7,67,193.9,3.54,41.74,1
S0550,West,Road,Standard,9,106,423.1,4.73,39.59,1
S0551,West,Road,Standard,7,118,289.6,2.93,25.0,1
S0552,South,Road,Standard,10,96,449.0,6.03,25.0,1
S0553,South,Road,Standard,3,81,515.6,4.94,70.68,1
S0554,Central,Road,Express,6,91,140.1,3.28,25.0,1
S0555,South,Road,Standard,5,132,310.8,5.52,62.36,1
S0556,South,Rail,Standard,7,173,423.3,4.74,49.8,1
S0557,West,Air,Standard,2,116,651.1,5.45,107.67,1
S0558,North,Road,Standard,4,118,604.3,4.67,57.02,1
S0559,North,Road,Standard,12,119,237.0,5.85,27.6,0
S0560,North,Rail,Standard,2,103,365.0,4.87,76.25,0
S0561,South,Air,Standard,8,146,531.8,4.34,112.3,1
S0562,West,Road,Standard,8,157,349.6,5.69,52.57,1
S0563,East,Rail,Standard,6,104,251.7,3.04,47.95,1
S0564,North,Air,Standard,1,103,393.1,3.45,113.08,1
S0565,North,Rail,Standard,1,100,502.0,5.53,78.6,1
S0566,North,Road,Standard,4,72,222.8,2.91,31.72,1
S0567,East,Road,Standard,2,72,566.5,5.59,66.47,1
S0568,South,Road,Standard,2,108,438.5,5.26,34.41,0
S0569,West,Road,Standard,2,104,578.9,6.64,56.78,0
S0570,North,Road,Express,3,122,387.8,2.71,50.08,0
S0571,West,Road,Standard,11,169,1037.0,8.06,49.87,0
S0572,East,Road,Standard,8,70,496.2,4.63,43.25,1
S0573,North,Road,Standard,1,118,618.1,5.23,48.72,0
S0574,East,Rail,Express,8,66,565.2,2.81,42.13,1
S0575,East,Road,Standard,2,86,362.1,3.9,43.63,1
S0576,North,Road,Standard,6,91,469.9,5.23,43.95,1
S0577,Central,Rail,Standard,1,102,277.0,3.5,50.99,1
S0578,North,Rail,Express,2,91,992.9,4.78,64.8,1
S0579,East,Air,Standard,2,123,529.4,3.7,107.4,1
S0580,West,Rail,Express,6,128,242.5,2.19,49.0,1
S0581,North,Rail,Standard,6,92,861.9,5.39,65.09,1
S0582,North,Road,Express,5,75,373.5,3.48,28.69,1
S0583,South,Road,Standard,8,132,670.2,5.55,88.67,1
S0584,West,Road,Standard,9,160,137.8,4.11,25.0,1
S0585,Central,Road,Standard,9,93,770.6,6.75,41.54,1
S0586,North,Air,Standard,7,173,516.5,4.93,106.83,0
S0587,South,Road,Standard,7,165,230.5,4.2,72.55,1
S0588,West,Road,Standard,6,126,511.1,4.52,28.31,1
S0589,South,Road,Standard,3,116,934.7,6.59,62.37,1
S0590,South,Road,Standard,6,138,282.1,4.8,45.8,0
S0591,Central,Road,Standard,1,62,279.8,3.68,38.57,1
S0592,West,Road,Express,12,168,358.8,3.06,64.87,1
S0593,West,Air,Standard,5,145,420.9,3.38,126.03,1
S0594,North,Road,Standard,10,117,696.2,5.64,44.17,0
S0595,South,Rail,Standard,12,144,533.6,4.32,,0
S0596,West,Road,Express,6,183,358.6,3.83,25.0,1
S0597,East,Road,Standard,11,100,482.0,3.99,44.58,1
S0598,North,Road,Standard,6,107,1024.8,5.78,46.58,1
S0599,Central,Rail,Express,2,127,589.0,3.66,58.67,1
S0600,North,Road,Express,1,137,382.3,3.38,25.0,1
S0601,West,Air,Standard,2,126,352.2,2.62,111.27,0
S0602,East,Road,Standard,12,95,465.1,4.57,25.0,0
S0603,Central,Road,Standard,6,90,691.2,5.77,49.46,0
S0604,East,Rail,Standard,4,105,258.1,3.56,34.77,1
S0605,Central,Road,Standard,6,47,636.5,5.83,29.38,0
S0606,East,Road,Standard,4,52,377.6,4.13,51.44,1
S0607,Central,Air,Standard,11,60,412.0,4.89,107.72,1
S0608,South,Road,Standard,12,98,1506.9,8.65,84.99,0
S0609,East,Road,Standard,2,77,599.0,4.82,65.46,1
S0610,West,Road,Standard,9,153,295.2,4.64,33.48,0
S0611,North,Road,Express,5,105,515.6,3.77,65.58,0
S0612,North,Rail,Express,1,115,711.6,4.39,42.01,0
S0613,Central,Rail,Standard,12,51,602.9,4.74,63.66,0
S0614,Central,Road,Standard,1,72,101.4,4.58,25.0,1
S0615,West,Rail,Standard,3,151,401.8,4.44,46.98,1
S0616,East,Road,Standard,1,112,529.0,6.19,54.31,0
S0617,East,Road,Standard,6,75,504.0,5.87,54.23,1
S0618,West,Road,Express,8,140,309.9,3.4,56.05,0
S0619,South,Air,Express,4,187,608.9,3.17,120.23,1
S0620,South,Road,Express,1,125,772.5,4.59,55.14,1
S0621,East,Road,Express,2,76,142.8,2.7,39.35,1
S0622,North,Road,Express,12,105,134.9,3.61,39.22,1
S0623,Central,Rail,Standard,10,88,512.9,5.0,62.98,0
S0624,West,Road,Express,12,131,638.6,3.86,53.42,0
S0625,Central,Road,Standard,7,84,282.9,4.4,48.2,1
S0626,West,Rail,Standard,7,95,104.7,2.51,25.0,1
S0627,East,Road,Standard,10,68,405.9,5.06,35.91,1
S0628,South,Road,Standard,8,121,508.5,4.64,26.8,1
S0629,North,Road,Standard,6,105,341.4,5.31,44.06,1
S0630,East,Road,Standard,4,79,722.0,4.91,69.94,1
S0631,Central,Road,Standard,6,80,490.4,5.44,34.57,1
S0632,East,Rail,Standard,1,97,264.6,4.57,52.98,1
S0633,South,Road,Express,3,150,281.5,2.25,54.21,1
S0634,West,Road,Standard,9,132,411.2,6.2,25.0,0
S0635,South,Air,Standard,11,136,327.5,3.24,98.92,1
S0636,South,Road,Standard,2,110,129.9,4.02,40.49,1
S0637,North,Road,Standard,2,126,465.7,5.42,25.0,1
S0638,East,Air,Standard,2,106,286.1,3.77,88.46,1
S0639,East,Road,Express,10,119,316.5,3.41,56.51,0
S0640,Central,Rail,Standard,4,105,207.7,4.66,64.93,1
S0641,East,Rail,Standard,4,111,948.9,6.4,72.28,1
S0642,East,Road,Standard,1,92,578.3,6.47,57.1,0
S0643,South,Road,Standard,12,132,1086.3,7.41,65.01,1
S0644,South,Road,Express,6,155,340.3,4.32,53.44,1
S0645,North,Road,Standard,10,92,597.7,5.97,40.82,0
S0646,East,Road,Express,9,77,470.6,2.71,42.0,1
S0647,South,Road,Standard,2,130,270.9,6.13,32.3,1
S0648,North,Rail,Express,10,122,338.2,2.7,73.18,0
S0649,North,Air,Standard,7,87,577.7,5.16,126.93,1
S0650,South,Rail,Express,8,123,207.6,2.68,72.19,1
S0651,West,Road,Express,3,132,726.1,4.75,47.18,1
S0652,Central,Road,Standard,11,23,447.8,4.61,25.0,0
S0653,North,Road,Express,12,104,671.1,4.36,66.3,0
S0654,South,Road,Standard,5,121,509.7,5.02,53.82,0
S0655,East,Air,Standard,2,91,143.4,3.83,102.36,1
S0656,West,Road,Express,11,175,402.0,3.79,40.55,1
S0657,East,Road,Standard,11,61,735.3,6.35,51.27,0
S0658,West,Rail,Standard,7,112,443.9,3.03,41.4,1
S0659,North,Road,Standard,7,37,408.2,4.56,43.28,1
S0660,West,Road,Standard,3,122,443.6,5.24,63.95,1
S0661,West,Road,Express,1,124,124.0,2.94,59.61,1
S0662,Central,Road,Standard,12,71,779.8,6.89,57.46,1
S0663,South,Rail,Standard,6,156,90.9,3.18,34.71,1
S0664,South,Road,Standard,4,149,875.0,6.47,61.29,0
S0665,West,Air,Standard,9,137,325.8,4.28,136.26,0
S0666,East,Rail,Express,1,85,530.9,2.28,43.28,0
S0667,East,Rail,Express,1,124,117.8,2.74,50.27,1
S0668,Central,Road,Standard,3,84,634.6,5.61,65.08,1
S0669,West,Road,Standard,6,112,572.7,4.77,55.45,1
S0670,West,Rail,Standard,5,87,552.4,4.94,90.84,1
S0671,South,Road,Standard,3,113,114.8,4.68,25.07,0
S0672,North,Road,Standard,5,131,248.8,5.04,26.85,1
S0673,Central,Rail,Standard,5,149,511.3,5.02,79.21,1
S0674,East,Road,Standard,7,97,767.5,6.51,33.35,1
S0675,North,Rail,Standard,7,89,226.3,4.24,46.76,1
S0676,West,Air,Standard,11,102,230.2,3.05,99.71,0
S0677,Central,Rail,Standard,10,100,491.6,4.46,70.78,1
S0678,North,Road,Express,4,61,1428.2,5.45,71.44,1
S0679,South,Rail,Standard,11,140,273.9,4.51,62.52,1
S0680,West,Road,Standard,7,158,323.3,4.65,39.93,1
S0681,South,Rail,Express,3,137,294.7,2.41,73.24,1
S0682,South,Rail,Express,5,119,378.2,2.27,112.35,0
S0683,South,Rail,Standard,9,141,803.1,6.22,76.97,0
S0684,West,Road,Standard,10,140,390.5,4.49,46.67,1
S0685,North,Road,Standard,5,88,1509.2,8.53,49.69,0
S0686,West,Road,Standard,2,187,434.3,5.93,42.63,1
S0687,West,Road,Standard,3,125,848.5,5.43,52.23,1
S0688,Central,Road,Standard,2,107,338.3,4.91,32.84,1
S0689,East,Road,Standard,9,27,181.4,3.75,27.33,1
S0690,North,Road,Standard,7,146,390.1,5.11,,1
S0691,West,Rail,Express,6,176,557.3,4.17,83.47,0
S0692,Central,Air,Standard,9,86,250.2,2.62,97.03,0
S0693,South,Road,Express,10,141,771.3,4.64,38.11,1
S0694,West,Rail,Express,10,151,303.6,3.43,76.68,1
S0695,Central,Road,Express,2,67,207.8,3.09,31.94,1
S0696,North,Road,Standard,8,125,1343.4,7.79,43.57,0
S0697,East,Road,Express,11,72,242.1,3.21,44.02,1
S0698,North,Rail,Standard,10,93,298.1,4.14,65.82,1
S0699,North,Air,Standard,4,142,612.1,4.83,78.37,1
S0700,West,Rail,Express,5,162,331.2,3.3,48.2,0
S0701,West,Air,Standard,11,115,212.5,,100.17,0
S0702,West,Air,Standard,1,114,280.2,3.95,113.19,1
S0703,South,Road,Standard,7,107,1128.7,7.9,53.1,0
S0704,Central,Road,Express,2,106,569.0,4.18,34.41,1
S0705,West,Road,Standard,11,107,636.5,4.58,58.05,0
S0706,North,Air,Standard,1,120,477.4,3.88,100.78,1
S0707,East,Road,Express,1,116,526.6,3.85,53.67,1
S0708,East,Road,Standard,4,93,315.9,3.73,25.0,1
S0709,West,Rail,Standard,3,163,442.2,4.34,43.24,1
S0710,West,Road,Standard,6,126,109.1,2.99,47.19,1
S0711,Central,Rail,Express,4,79,707.9,4.28,62.02,1
S0712,North,Road,Standard,5,83,314.1,4.55,49.99,1
S0713,East,Air,Standard,7,123,191.3,1.97,94.74,1
S0714,Central,Rail,Standard,7,64,457.6,4.93,40.47,1
S0715,East,Road,Express,12,105,361.7,3.33,59.75,1
S0716,South,Rail,Standard,6,123,693.1,5.61,41.69,1
S0717,North,Road,Standard,7,81,395.3,4.45,56.43,1
S0718,South,Road,Express,9,108,276.4,2.79,57.36,1
S0719,North,Road,Standard,3,149,401.2,4.41,58.58,1
S0720,Central,Rail,Standard,9,91,905.7,5.87,54.31,0
S0721,North,Road,Standard,11,82,706.7,5.72,35.47,1
S0722,West,Road,Express,4,144,568.2,3.98,47.27,1
S0723,South,Road,Standard,3,121,724.7,5.75,33.51,1
S0724,Central,Road,Standard,5,182,594.3,5.7,41.59,1
S0725,South,Road,Standard,4,133,231.2,4.09,,1
S0726,South,Road,Standard,8,114,639.5,7.21,57.81,1
S0727,West,Road,Express,11,175,775.5,4.09,44.18,0
S0728,South,Rail,Standard,8,73,801.2,5.12,69.24,1
S0729,West,Road,Standard,2,138,201.5,6.37,46.64,1
S0730,North,Road,Express,4,166,298.7,3.53,66.95,1
S0731,West,Air,Standard,9,132,271.7,2.43,112.69,1
S0732,South,Road,Standard,4,76,336.3,5.04,51.69,0
S0733,South,Rail,Standard,8,114,533.5,4.14,65.37,1
S0734,West,Road,Standard,9,176,450.6,5.73,64.48,1
S0735,South,Rail,Standard,4,136,450.7,4.39,41.36,0
S0736,East,Rail,Standard,8,72,169.3,3.16,44.75,1
S0737,South,Rail,Standard,5,106,291.8,4.98,52.21,1
S0738,West,Road,Standard,2,119,835.9,6.6,50.83,0
S0739,West,Road,Standard,5,145,773.6,6.73,61.74,0
S0740,West,Rail,Standard,6,172,391.3,,70.98,1
S0741,South,Road,Standard,1,154,640.5,5.41,58.64,0
S0742,South,Road,Express,11,138,505.3,4.04,45.49,1
S0743,Central,Road,Standard,7,48,682.2,6.67,32.24,1
S0744,South,Air,Standard,1,88,657.1,4.54,122.62,1
S0745,North,Road,Standard,11,125,410.5,6.04,49.03,1
S0746,North,Road,Express,11,72,570.2,,28.09,1
S0747,West,Rail,Standard,1,129,525.2,4.89,57.45,1
S0748,West,Road,Standard,2,144,417.1,5.11,25.0,1
S0749,East,Road,Standard,5,63,364.6,4.64,36.65,0
S0750,East,Road,Standard,7,66,1038.9,5.92,50.77,1
S0751,West,Road,Standard,9,132,417.4,4.85,37.04,1
S0752,West,Road,Standard,6,149,617.5,5.75,74.2,0
S0753,West,Rail,Express,8,165,992.8,4.38,57.71,0
S0754,West,Rail,Standard,1,152,569.7,5.18,73.52,0
S0755,East,Road,Express,8,97,554.7,3.8,75.32,0
S0756,South,Road,Express,11,104,418.9,3.85,57.12,1
S0757,West,Road,Express,7,105,530.8,4.06,44.54,1
S0758,Central,Air,Standard,6,71,346.2,3.86,83.56,0
S0759,South,Air,Standard,4,136,1600.0,6.73,111.52,0
S0760,West,Air,Standard,12,144,171.8,4.2,98.37,1
S0761,East,Road,Standard,1,36,378.6,4.43,25.0,0
S0762,South,Road,Express,4,103,575.2,3.81,35.81,1
S0763,South,Road,Standard,2,159,555.0,5.21,46.96,1
S0764,South,Road,Standard,11,127,345.9,4.35,41.29,1
S0765,Central,Road,Standard,6,45,135.8,5.12,35.18,1
S0766,South,Road,Express,12,191,189.7,3.78,28.48,1
S0767,South,Air,Standard,8,124,469.6,4.23,98.08,1
S0768,South,Road,Standard,7,136,113.1,3.87,35.59,0
S0769,South,Road,Express,7,136,599.2,4.26,47.38,1
S0770,North,Rail,Express,3,100,811.8,4.06,88.68,1
S0771,West,Road,Standard,7,115,662.4,5.53,52.66,0
S0772,North,Rail,Express,9,169,740.3,4.16,46.47,0
S0773,North,Road,Express,12,138,115.6,2.64,43.96,1
S0774,East,Rail,Standard,7,118,354.3,4.33,63.02,1
S0775,South,Road,Standard,12,141,220.1,4.43,39.33,1
S0776,East,Road,Standard,12,67,149.8,4.26,25.0,0
S0777,North,Road,Standard,7,146,310.4,4.2,68.53,1
S0778,South,Road,Standard,6,101,978.5,7.1,40.89,1
S0779,East,Road,Standard,2,103,1136.9,6.56,69.34,0
S0780,East,Road,Standard,4,49,238.3,3.73,34.22,1
S0781,West,Road,Standard,11,78,435.4,4.48,48.01,1
S0782,Central,Rail,Standard,2,94,526.3,4.31,80.24,0
S0783,West,Road,Standard,5,112,355.9,,49.19,0
S0784,North,Road,Standard,9,54,846.0,5.45,39.52,0
S0785,Central,Road,Standard,3,100,313.4,4.38,54.41,1
S0786,West,Rail,Standard,12,194,281.8,4.96,53.39,1
S0787,East,Road,Standard,8,134,246.4,4.0,43.26,1
S0788,West,Road,Standard,1,128,354.4,4.58,25.0,1
S0789,East,Rail,Express,3,95,74.5,1.83,32.54,1
S0790,North,Road,Standard,9,135,364.8,5.29,44.8,1
S0791,South,Rail,Express,11,156,451.7,3.7,66.75,1
S0792,West,Road,Standard,12,125,469.0,5.54,25.0,1
S0793,West,Road,Standard,11,136,211.8,4.61,47.28,1
S0794,South,Road,Express,1,133,463.6,3.68,34.89,1
S0795,South,Air,Express,9,141,457.8,2.6,127.19,1
S0796,West,Road,Standard,2,131,463.9,4.53,41.22,1
S0797,South,Road,Standard,1,122,670.0,6.54,34.64,1
S0798,South,Road,Standard,9,164,206.3,4.82,44.32,0
S0799,East,Road,Standard,6,129,358.5,4.26,30.43,0
S0800,East,Road,Standard,8,108,130.4,3.95,52.94,1
S0801,East,Road,Express,11,143,633.8,3.92,51.77,1
S0802,West,Road,Standard,1,124,227.0,3.54,37.26,1
S0803,Central,Road,Standard,7,130,731.3,6.39,61.09,1
S0804,North,Road,Standard,11,125,746.4,5.68,38.57,0
S0805,South,Road,Standard,6,217,380.4,4.41,35.44,1
S0806,South,Road,Standard,7,92,368.2,3.68,45.15,1
S0807,East,Road,Standard,6,76,162.5,2.92,25.0,1
S0808,South,Road,Standard,11,137,426.9,4.72,30.47,1
S0809,North,Road,Standard,1,121,666.5,5.63,61.89,1
S0810,Central,Road,Standard,11,140,498.9,4.98,55.37,0
S0811,South,Road,Standard,10,106,906.1,6.84,37.03,1
S0812,South,Road,Express,10,150,333.2,3.35,36.26,1
S0813,Central,Rail,Standard,5,118,332.9,4.82,42.29,1
S0814,North,Road,Standard,7,130,236.8,4.21,65.16,0
S0815,South,Rail,Standard,5,98,1261.6,6.53,84.83,0
S0816,Central,Road,Standard,4,124,161.5,4.49,31.83,1
S0817,Central,Rail,Standard,11,119,638.4,4.62,69.5,1
S0818,North,Road,Standard,7,127,674.7,6.08,32.05,1
S0819,North,Road,Standard,9,116,657.8,5.03,39.99,0
S0820,West,Road,Express,2,141,249.4,3.6,43.29,1
S0821,South,Air,Standard,10,123,380.2,3.43,112.14,1
S0822,North,Road,Standard,8,128,585.1,6.13,47.52,0
S0823,West,Road,Standard,12,136,285.0,3.77,45.64,1
S0824,North,Road,Express,2,86,348.2,2.97,39.37,1
S0825,East,Rail,Express,7,66,288.2,2.92,45.99,1
S0826,South,Road,Standard,7,104,444.7,5.68,38.55,0
S0827,North,Road,Standard,7,116,427.2,5.98,37.6,1
S0828,South,Road,Standard,1,124,1001.7,6.8,62.23,1
S0829,Central,Air,Express,6,91,592.7,4.17,112.11,1
S0830,West,Road,Standard,4,149,185.4,4.02,43.86,1
S0831,North,Road,Standard,8,92,194.8,4.8,25.0,1
S0832,North,Air,Standard,3,151,645.2,3.97,99.97,1
S0833,West,Road,Standard,6,128,424.4,5.2,50.4,1
S0834,North,Road,Express,8,98,1217.6,4.23,82.19,1
S0835,East,Road,Standard,1,109,1215.6,6.7,64.88,0
S0836,North,Road,Standard,10,59,236.0,4.43,26.7,1
S0837,East,Road,Standard,9,73,503.5,4.17,43.91,0
S0838,Central,Road,Standard,1,112,196.4,4.77,25.0,1
S0839,West,Rail,Standard,1,86,638.7,5.58,76.13,1
S0840,North,Rail,Standard,11,141,1086.7,6.27,75.83,1
S0841,South,Road,Express,4,167,462.2,3.26,40.69,1
S0842,East,Road,Standard,11,85,326.0,4.18,35.26,1
S0843,North,Road,Standard,6,118,534.7,4.62,39.13,1
S0844,West,Air,Standard,5,166,717.7,4.79,135.36,0
S0845,South,Road,Standard,4,112,720.6,5.9,47.72,0
S0846,Central,Road,Standard,8,109,328.2,4.71,42.47,1
S0847,West,Road,Standard,2,116,280.6,5.52,47.89,1
S0848,East,Road,Standard,5,82,487.4,4.53,30.98,1
S0849,South,Road,Standard,5,103,341.8,5.49,42.69,0
S0850,Central,Rail,Standard,2,95,846.2,5.36,66.98,1
S0851,South,Road,Standard,5,157,339.3,4.78,25.0,1
S0852,South,Air,Standard,7,120,442.1,4.61,110.2,1
S0853,East,Road,Express,9,59,526.7,4.17,39.18,1
S0854,Central,Rail,Standard,2,55,165.2,3.46,46.32,1
S0855,South,Rail,Standard,11,136,295.5,4.39,56.63,1
S0856,West,Air,Express,11,187,1186.0,4.83,131.9,1
S0857,East,Road,Standard,9,106,699.9,5.4,68.09,1
S0858,Central,Road,Standard,12,74,336.5,5.24,25.0,1
S0859,West,Road,Standard,6,156,640.3,6.91,48.57,1
S0860,North,Road,Standard,10,103,838.0,6.5,61.86,0
S0861,East,Road,Standard,9,84,369.4,4.99,45.32,1
S0862,East,Air,Standard,7,68,680.2,4.9,111.93,0
S0863,East,Air,Standard,3,134,624.2,3.52,150.24,1
S0864,North,Road,Standard,7,39,198.4,4.25,37.91,1
S0865,South,Road,Standard,11,147,370.7,4.14,61.38,0
S0866,Central,Rail,Standard,12,72,1017.3,6.14,59.88,1
S0867,Central,Air,Standard,6,74,1166.1,7.81,101.56,0
S0868,East,Road,Standard,3,142,703.3,5.7,49.01,0
S0869,South,Road,Express,9,105,289.3,2.84,48.84,1
S0870,South,Rail,Standard,1,106,97.0,4.05,54.38,1
S0871,East,Road,Standard,2,91,265.5,3.69,42.37,1
S0872,South,Road,Standard,7,137,181.9,3.88,36.67,1
S0873,Central,Air,Standard,12,73,1061.8,6.87,108.12,0
S0874,West,Air,Standard,4,91,128.5,2.78,94.95,0
S0875,East,Air,Standard,6,71,201.8,1.92,106.82,1
S0876,Central,Rail,Standard,4,121,481.4,5.29,70.14,0
S0877,West,Road,Standard,6,137,422.6,4.69,31.68,0
S0878,West,Road,Standard,1,148,987.8,7.8,71.94,0
S0879,North,Road,Standard,8,103,601.4,5.03,37.44,1
S0880,North,Road,Standard,8,92,387.4,5.39,46.49,1
S0881,West,Road,Standard,4,182,855.4,7.62,58.97,1
S0882,North,Road,Standard,4,105,330.6,4.01,61.84,1
S0883,Central,Road,Standard,10,73,1035.4,6.97,48.37,0
S0884,West,Rail,Standard,3,166,243.4,4.19,60.85,1
S0885,South,Road,Standard,1,105,413.3,4.27,50.5,1
S0886,West,Road,Standard,1,118,105.3,4.04,25.0,1
S0887,West,Road,Standard,11,135,724.9,5.77,52.17,0
S0888,South,Road,Express,5,125,465.1,3.52,41.78,1
S0889,South,Rail,Standard,2,132,1037.1,6.44,64.0,0
S0890,East,Road,Standard,11,154,362.4,4.84,39.95,1
S0891,West,Road,Standard,2,144,163.7,4.23,55.55,1
S0892,Central,Rail,Express,5,20,556.1,3.24,40.44,1
S0893,West,Road,Standard,1,144,301.0,4.21,51.38,1
S0894,South,Road,Standard,9,126,664.3,5.62,55.07,1
S0895,East,Road,Express,9,96,246.6,3.05,25.0,1
S0896,Central,Road,Standard,10,92,929.3,6.52,60.9,1
S0897,West,Road,Express,4,134,441.9,3.75,26.13,1
S0898,South,Road,Standard,4,124,388.3,3.62,52.26,0
S0899,South,Road,Standard,12,142,892.9,6.0,51.11,1
S0900,North,Road,Standard,10,95,731.3,5.64,49.07,0
S0901,West,Road,Standard,1,108,268.4,3.81,25.0,0
S0902,West,Road,Express,9,220,718.8,5.18,64.1,1
S0903,South,Rail,Standard,10,105,633.0,5.04,72.76,1
S0904,North,Road,Express,7,113,401.9,3.55,31.3,1
S0905,Central,Road,Standard,8,43,684.8,5.56,33.55,0
S0906,North,Road,Standard,1,113,926.8,6.49,62.24,0
S0907,North,Road,Express,1,84,409.2,2.85,46.31,1
S0908,South,Road,Standard,1,113,410.1,4.73,25.0,1
S0909,West,Rail,Express,2,164,396.5,2.75,89.54,1
S0910,West,Rail,Standard,12,148,261.7,3.77,64.15,1
S0911,East,Road,Standard,8,111,406.6,3.16,52.25,1
S0912,Central,Road,Standard,10,35,379.4,4.14,31.44,1
S0913,Central,Air,Standard,4,136,365.9,4.94,80.99,0
S0914,Central,Road,Standard,12,52,362.6,5.4,44.34,1
S0915,Central,Road,Standard,3,128,201.5,5.41,31.27,1
S0916,Central,Road,Standard,11,114,775.1,7.27,59.76,0
S0917,South,Road,Standard,1,141,295.2,4.98,39.92,0
S0918,South,Rail,Express,1,101,957.7,4.16,69.46,1
S0919,West,Road,Standard,1,139,229.4,3.65,30.24,0
S0920,North,Air,Standard,10,97,1087.6,6.61,128.59,1
S0921,South,Road,Express,4,126,340.6,3.38,,0
S0922,East,Road,Standard,6,88,724.0,7.4,79.44,1
S0923,North,Road,Standard,6,53,462.3,4.6,68.86,1
S0924,North,Road,Standard,10,141,184.5,5.47,63.03,1
S0925,South,Road,Standard,5,123,190.6,4.05,56.21,0
S0926,West,Road,Standard,1,121,280.0,5.31,39.21,0
S0927,South,Road,Standard,5,109,328.8,5.67,56.64,1
S0928,East,Road,Standard,4,105,417.2,4.17,40.76,1
S0929,North,Road,Standard,9,85,523.6,4.81,25.0,1
S0930,East,Road,Standard,10,32,384.4,3.86,54.29,1
S0931,West,Road,Standard,2,146,506.9,4.44,64.69,1
S0932,West,Road,Standard,10,150,557.5,5.85,50.17,0
S0933,West,Rail,Standard,1,129,373.9,4.13,39.85,1
S0934,East,Rail,Express,8,63,626.8,3.55,46.82,1
S0935,East,Road,Standard,5,97,711.5,6.13,25.0,0
S0936,South,Road,Standard,4,84,566.1,4.05,56.79,1
S0937,Central,Road,Standard,6,56,585.5,6.43,25.0,1
S0938,South,Road,Standard,4,104,480.0,4.81,47.6,1
S0939,Central,Road,Standard,10,109,815.3,6.83,40.81,1
S0940,South,Road,Standard,12,115,423.1,,25.0,1
S0941,West,Road,Express,10,122,283.2,3.85,43.92,1
S0942,East,Road,Standard,6,150,430.8,4.94,42.73,1
S0943,South,Road,Express,7,135,186.5,2.01,51.3,1
S0944,West,Road,Standard,6,144,172.8,4.19,25.0,1
S0945,West,Rail,Standard,10,125,713.6,5.48,53.06,0
S0946,West,Air,Standard,7,118,966.9,4.86,83.06,1
S0947,East,Road,Standard,6,34,347.3,4.51,25.0,1
S0948,East,Air,Express,5,122,717.6,3.24,137.33,1
S0949,Central,Road,Express,5,98,132.5,2.43,63.3,1
S0950,West,Air,Express,7,130,119.5,2.35,102.89,1
S0951,North,Air,Standard,9,106,567.2,3.84,95.98,1
S0952,West,Road,Standard,6,156,424.1,4.74,43.71,0
S0953,West,Rail,Standard,10,91,1060.5,6.07,79.4,1
S0954,South,Air,Express,10,108,388.6,3.2,97.12,1
S0955,Central,Air,Standard,6,53,218.9,3.26,98.35,1
S0956,Central,Air,Standard,11,135,158.4,3.37,102.7,1
S0957,East,Road,Standard,3,120,430.6,4.64,36.13,1
S0958,North,Road,Standard,12,48,479.4,5.18,30.04,0
S0959,North,Rail,Standard,4,68,374.2,4.97,54.41,1
S0960,North,Road,Express,7,106,727.1,4.51,36.38,1
S0961,North,Road,Express,4,97,905.8,4.92,59.91,1
S0962,West,Road,Express,6,98,344.9,3.58,32.9,1
S0963,South,Road,Standard,5,179,132.3,3.23,44.82,1
S0964,South,Road,Standard,9,134,508.6,4.64,66.98,1
S0965,Central,Rail,Standard,1,98,824.9,5.85,60.67,0
S0966,North,Road,Standard,11,91,345.9,4.1,51.64,1
S0967,Central,Rail,Standard,11,105,585.5,4.53,33.7,1
S0968,South,Rail,Standard,7,114,209.0,2.47,45.32,0
S0969,North,Road,Standard,7,102,501.3,4.23,44.29,0
S0970,South,Road,Standard,9,142,591.9,5.34,77.52,0
S0971,West,Road,Standard,3,89,509.8,5.05,25.0,1
S0972,South,Air,Standard,9,170,1226.0,6.0,125.82,0
S0973,South,Rail,Standard,3,130,960.0,6.21,89.76,0
S0974,Central,Road,Express,9,121,649.3,4.1,38.75,1
S0975,West,Road,Standard,4,105,779.6,6.72,48.29,0
S0976,North,Road,Express,9,84,499.2,3.56,46.51,1
S0977,West,Road,Standard,10,102,412.8,5.27,44.25,0
S0978,West,Air,Standard,3,142,323.6,3.65,128.73,1
S0979,North,Rail,Standard,8,112,206.2,2.76,57.91,1
S0980,South,Road,Express,6,112,986.2,4.78,75.86,1
S0981,Central,Rail,Standard,4,57,1254.3,6.45,62.45,1
S0982,East,Road,Standard,8,60,436.8,4.71,27.28,1
S0983,East,Rail,Standard,12,94,441.4,3.9,51.41,1
S0984,West,Road,Standard,1,122,606.6,5.74,32.54,1
S0985,South,Road,Standard,12,106,389.7,3.88,48.29,1
S0986,Central,Air,Standard,11,128,222.8,3.52,97.94,1
S0987,West,Road,Standard,7,133,183.0,4.53,29.86,1
S0988,South,Road,Standard,8,161,1228.3,8.2,75.77,1
S0989,West,Air,Standard,5,120,143.8,2.38,84.94,1
S0990,East,Road,Standard,2,102,521.4,5.18,55.2,0
S0991,North,Road,Express,7,108,155.2,2.97,29.11,1
S0992,East,Road,Express,10,47,401.5,4.05,51.55,1
S0993,East,Road,Standard,3,135,343.8,3.72,38.05,0
S0994,South,Road,Standard,9,121,170.8,3.49,46.48,1
S0995,Central,Road,Standard,9,106,619.2,7.66,49.84,0
S0996,West,Rail,Standard,10,114,213.2,3.52,62.41,1
S0997,North,Road,Standard,5,105,157.2,2.77,37.07,1
S0998,South,Road,Standard,5,101,660.1,5.23,25.0,1
S0999,Central,Rail,Express,5,120,344.8,1.94,69.53,1
S1000,West,Road,Standard,11,144,264.3,4.61,41.3,1
